{
  "base": [17.252408696973347, 8.237902839754266, 280.68438413225124, 1],
  "accent": [75.52946439976189, 42.77955100618756, 241.8205823861271, 1],
  "contrast": 30,
  "sidebar": {
    "accent": [66.37787824487918, 66.0454036442966, 345.78578321828667, 1],
    "base": [17.252408696973347, 8.237902839754266, 280.68438413225124, 1],
    "contrast": 30
  }
}
